{"train_losses": [0.059017513490716614, 0.02166241198281447, 0.01807534295817216, 0.016376398758093515, 0.015123879479865232, 0.014190389700730641, 0.013607404169936974, 0.013079548135896523, 0.01256514125963052, 0.012171942342321078], "valid_losses": [0.02358264675438404, 0.019170775923132898, 0.01716143946647644, 0.015036304506659508, 0.01429148389995098, 0.014109425675868988, 0.012625571858882904, 0.01416218882650137, 0.011804792298376561, 0.011288871651887893]}