{"train_losses": [0.05426701471805573, 0.017362992841005325, 0.014346472431222598, 0.012529011510809263, 0.011496337739129862, 0.010588559565941492, 0.009882969748477142, 0.0094401438275973, 0.00894884623736143, 0.008476235471169154, 0.008167010077337424, 0.007816933705906073, 0.007570548024276892, 0.00739816165715456, 0.00709430683106184, 0.006850133895874024, 0.00671221943795681, 0.006561255656431119, 0.0063922609304388365, 0.006225632093598445], "valid_losses": [0.01823826869726181, 0.014286523324251175, 0.012931965732574463, 0.011842791357636452, 0.010261591295897961, 0.010257034948468208, 0.009355991797149181, 0.010398449186980725, 0.00812730852663517, 0.007515177100896836, 0.00772704328596592, 0.007925313465297222, 0.0071235015533864495, 0.007300685895234346, 0.006480553325265646, 0.006268859941512346, 0.006750020740181208, 0.006991186738014221, 0.0059889289021492, 0.005788218710571527]}