{"train_losses": [0.049485677920281884, 0.009920219484965007, 0.007494498063623905, 0.006366857272386551, 0.005718914489448071, 0.004984088102976481, 0.004546111542979877, 0.004221332325786352, 0.003968076262126367, 0.0036452092083791893, 0.0035052964268873135, 0.003284089544167121, 0.003216621065388123, 0.00305777431105574, 0.002934621877595782, 0.0028292127865056195, 0.0027631459788729747, 0.0026858685122181972, 0.0026088883625964322, 0.002529553379242619], "valid_losses": [0.010852005057036877, 0.007703125531226397, 0.0066109371289610865, 0.005908374941349029, 0.005163650703430176, 0.00525144302546978, 0.004034468373656273, 0.004949832689017057, 0.0035636640299111606, 0.003612965852767229, 0.003320233626663685, 0.0031532247073948385, 0.0035053402449935676, 0.002997685658559203, 0.0026275308147072794, 0.0027240314941853285, 0.0027752281934022905, 0.0025303565569221973, 0.002299865547567606, 0.0022520755492150784]}