{"train_losses": [0.06358208522895972, 0.012677552783489227, 0.008818694559236367, 0.007156664139032364, 0.006119752582410971, 0.005488988850762447, 0.004840582495679458, 0.0043757323585450645, 0.004028286634633938, 0.003710084646070997, 0.0034554907924185196, 0.0032364990651607512, 0.0030695506046215693, 0.0029208193610111874, 0.002790439950923125, 0.0026731128819286825, 0.0025775787095228832, 0.0024918076857924462, 0.002426870436966419, 0.0023544744913776717], "valid_losses": [0.014740397499501704, 0.009505532494187355, 0.0075532389879226685, 0.006124027955532074, 0.005580773285031319, 0.006343178045749664, 0.004764344538748264, 0.0045648018799722195, 0.0037124907594174145, 0.0036414002448320387, 0.003438382134959102, 0.003237573514133692, 0.0032011783298105004, 0.0029856857556849717, 0.0031927241787314416, 0.00280374497808516, 0.0025528355710208415, 0.0025730517610907553, 0.0025542451716959475, 0.002537730773165822]}