{"train_losses": [0.13250390378634136, 0.08827227216561635, 0.0833016173839569, 0.08078534920215606, 0.07897032030026117, 0.0776271966457367, 0.07666748949686686, 0.07580199037392935, 0.07501818933884302, 0.07441401642560959, 0.07390694792668025, 0.07333456320762634, 0.0730280936161677, 0.07256227931976318, 0.07234114547173182, 0.07191011451880137, 0.0717143957734108, 0.07135148752927781, 0.07110980495611827, 0.0708746725042661], "valid_losses": [0.09053003785610199, 0.08322091512680053, 0.07909331192970276, 0.07851331878900528, 0.07741968704462052, 0.07625242334604264, 0.07585857820510865, 0.07436144553422928, 0.07327417922019959, 0.0736965634226799, 0.07211281490325928, 0.07109459397792817, 0.07103261405229569, 0.07124248410463332, 0.0714458931684494, 0.07014771772623062, 0.07060583381652832, 0.06921570117473602, 0.06952676235437394, 0.06854313206672669]}