{"train_losses": [0.1296002456188202, 0.07207908581693967, 0.06519178796609243, 0.061132903508345285, 0.05840290123422941, 0.05664231340487798, 0.05522943642536799, 0.05385218273003896, 0.053150129171212514, 0.05236000393629074], "valid_losses": [0.07625064315795899, 0.06511466107368469, 0.06118717429637909, 0.0596716425538063, 0.055147154241800306, 0.05679481003284454, 0.05242548733949661, 0.050611747121810914, 0.053858692133426665, 0.049092924219369886]}