{"train_losses": [0.05608837304910024, 0.009308218712111314, 0.006539731036623319, 0.005251617053896189, 0.00425418718829751, 0.003691987731059392, 0.003296767619252205, 0.0028703713547438385, 0.0026356485386689506, 0.0023422059131165346, 0.002180126468092203, 0.0020211412290732068, 0.0019198923273632924, 0.0018271567080790799, 0.0017429396143803994, 0.001654605715846022, 0.0015953250414381425, 0.0015259286059066653, 0.001487619101194044, 0.001434642858368655], "valid_losses": [0.011154862524569034, 0.008370230600982905, 0.006061523739993573, 0.003956226432323456, 0.0041338265415281055, 0.0032546266768127678, 0.003638502489775419, 0.0025812439143657684, 0.0026094778597354888, 0.0024675878286361695, 0.002259893786907196, 0.001901422993093729, 0.00219465573169291, 0.002129172878526151, 0.0016893308520317077, 0.0015930507469922304, 0.0015474578741937876, 0.0017045481573790312, 0.0015092298146337272, 0.0017949588023126125]}