{"train_losses": [0.05236788285821676, 0.009147245497008166, 0.0063344987397392595, 0.00509443823620677, 0.004338110010077556, 0.0038130032728115716, 0.0033908829562366008, 0.0030439601016541322, 0.002777321341633797, 0.0025002497612188258, 0.0023575939693798622, 0.0022210266104588905, 0.0020670322435597578, 0.0019348284435768922, 0.001850545620918274, 0.0017934819991389911, 0.0017042645984639724, 0.0016385437378038962, 0.0015841882063696781, 0.0015265404750282566], "valid_losses": [0.010913807937502861, 0.007494094938039779, 0.005505757494270801, 0.004536972445994616, 0.004070900969207287, 0.004038907169550657, 0.002930787521228194, 0.003096935026347637, 0.002977978144586086, 0.0024803704619407656, 0.0022831045813858507, 0.0020374986574053762, 0.0019437899693846702, 0.0020058286603540183, 0.0019471935462206601, 0.0017290422353893518, 0.0017148096099495887, 0.001604530916363001, 0.0016537304075434805, 0.00157255435641855]}